Title,Price,Size,Rooms,Postcode,URL
Großzügige Altbauwohnung mit Flair - Nähe Südbahnhofmarkt,1200,110,3.0,4020,https://www.willhaben.at/iad/immobilien/d/mietwohnungen/oberoesterreich/linz/grosszuegige-altbauwohnung-mit-flair-naehe-suedbahnhofmarkt-2058722681/
Charmante 2-Zimmer-Wohnung mit Balkon am Römerberg - beliebte Wohngegend in Linz,73480,44,2.0,4020,https://www.willhaben.at/iad/immobilien/d/mietwohnungen/oberoesterreich/linz/charmante-2-zimmer-wohnung-mit-balkon-am-roemerberg-beliebte-wohngegend-in-linz-1888358798/
"Lichtdurchflutete, große 2 Zimmer-Neubauwohnung mit großer Terrasse & Küche!",139902,101,2.0,4020,https://www.willhaben.at/iad/immobilien/d/mietwohnungen/oberoesterreich/linz/lichtdurchflutete-grosse-2-zimmer-neubauwohnung-mit-grosser-terrasse-kueche-1855404191/
"Stilvolle 2-Zimmer Maisonetten in der Museumstraße 15, Top 21 zu vermieten",89081,60,2.0,4020,https://www.willhaben.at/iad/immobilien/d/mietwohnungen/oberoesterreich/linz/stilvolle-2-zimmer-maisonetten-in-der-museumstrasse-15-top-21-zu-vermieten-2048478886/
"Schöne 2,5- Zimmer Wohnung in Urfahr mit Balkon - unbefristetes Mietverhältnis",74430,54,2.0,4040,https://www.willhaben.at/iad/immobilien/d/mietwohnungen/oberoesterreich/linz/schoene-2-5-zimmer-wohnung-in-urfahr-mit-balkon-unbefristetes-mietverhaeltnis-1376481773/
Schöne 3- Zimmer Wohnung in zentraler Urfahraner Lage - unbefristetes Mietverhältnis,99591,79,3.0,4040,https://www.willhaben.at/iad/immobilien/d/mietwohnungen/oberoesterreich/linz/schoene-3-zimmer-wohnung-in-zentraler-urfahraner-lage-unbefristetes-mietverhaeltnis-1673904181/
Altbau - 73 m2 - 3 Zimmer - KUK Nähe,1055,73,3.0,4020,https://www.willhaben.at/iad/immobilien/d/mietwohnungen/oberoesterreich/linz/altbau-73-m2-3-zimmer-kuk-naehe-968088836/
Wohlfühlwohnen mit kleinem ökologischen Fußabdruck! 3-Zimmer Wohnung mit großem Balkon,114067,74,3.0,4020,https://www.willhaben.at/iad/immobilien/d/mietwohnungen/oberoesterreich/linz/wohlfuehlwohnen-mit-kleinem-oekologischen-fussabdruck-3-zimmer-wohnung-mit-grossem-balkon-2041690019/
Sanierte Erdgeschoß- Wohnung (kein Balkon),55082,56,2.0,4020,https://www.willhaben.at/iad/immobilien/d/mietwohnungen/oberoesterreich/linz/sanierte-erdgeschoss-wohnung-kein-balkon-1731682068/
"Kurzzeitmiete: ""Garten Eden"" - Anderes Wohnen in bester Zentrumslage",2400,54,2.0,4020,https://www.willhaben.at/iad/immobilien/d/mietwohnungen/oberoesterreich/linz/kurzzeitmiete-garten-eden-anderes-wohnen-in-bester-zentrumslage-674151951/
Großzügige Wohnung 85 m2 Zentral gelegen und doch im Grünen,880,85,3.0,4020,https://www.willhaben.at/iad/immobilien/d/mietwohnungen/oberoesterreich/linz/grosszuegige-wohnung-85-m2-zentral-gelegen-und-doch-im-gruenen-365662033/
"Moderne, helle Neubauwohnung mit Balkon in ruhiger Hoflage - mitten im Zentrum",1100,60,2.0,4020,https://www.willhaben.at/iad/immobilien/d/mietwohnungen/oberoesterreich/linz/moderne-helle-neubauwohnung-mit-balkon-in-ruhiger-hoflage-mitten-im-zentrum-792818319/
Erstbezug nach Sanierung,1500,77,3.0,4040,https://www.willhaben.at/iad/immobilien/d/mietwohnungen/oberoesterreich/linz/erstbezug-nach-sanierung-2059903946/
Linz Innenstadt 45m² - Karl Wiserstraße 33,557,45,2.0,4020,https://www.willhaben.at/iad/immobilien/d/mietwohnungen/oberoesterreich/linz/linz-innenstadt-45m-karl-wiserstrasse-33-1355998255/
"TOLLE WOHNUNG INKL. MÖBLIERTER KÜCHE UND TERRASSE ZUM DURCHATMEN, WG TAUGLICH - TOP 11",122462,92,3.0,4020,https://www.willhaben.at/iad/immobilien/d/mietwohnungen/oberoesterreich/linz/tolle-wohnung-inkl-moeblierter-kueche-und-terrasse-zum-durchatmen-wg-tauglich-top-11-1004128825/
Volksgarten Musiktheater Bahnhof top Zweizimmerwohnung,92620,60,2.0,4020,https://www.willhaben.at/iad/immobilien/d/mietwohnungen/oberoesterreich/linz/volksgarten-musiktheater-bahnhof-top-zweizimmerwohnung-1293254887/
ERSTBEZUG - Helle 1-Zimmer-Wohnung mit Balkon,759,34,1.0,4030,https://www.willhaben.at/iad/immobilien/d/mietwohnungen/oberoesterreich/linz/erstbezug-helle-1-zimmer-wohnung-mit-balkon-918431535/
Geräumige 2-Zimmer-Wohnung - auch ideal als Büro nutzbar,96974,59,2.0,4040,https://www.willhaben.at/iad/immobilien/d/mietwohnungen/oberoesterreich/linz/geraeumige-2-zimmer-wohnung-auch-ideal-als-buero-nutzbar-2029841056/
ERSTBEZUG - Helle 2-Zimmer-Wohnung mit Balkon,959,49,2.0,4030,https://www.willhaben.at/iad/immobilien/d/mietwohnungen/oberoesterreich/linz/erstbezug-helle-2-zimmer-wohnung-mit-balkon-2028228909/
ZENTRAL WOHNEN AN DER PROMENADE - 2 ZIMMERWOHNUNG - TOP 07,79241,60,2.0,4020,https://www.willhaben.at/iad/immobilien/d/mietwohnungen/oberoesterreich/linz/zentral-wohnen-an-der-promenade-2-zimmerwohnung-top-07-811181300/
"Traumhafte 3-Zimmer-Wohnung in Linz: 83 m² mit 3 Loggien, Garage und Fußbodenheizung",1265,83,3.0,4030,https://www.willhaben.at/iad/immobilien/d/mietwohnungen/oberoesterreich/linz/traumhafte-3-zimmer-wohnung-in-linz-83-m-mit-3-loggien-garage-und-fussbodenheizung-1233245887/
"Über den Dächern von Linz - Geräumige 3-Zimmer-Dachgeschosswohnung mit Charme, Ausblick & viel Licht",1399,99,3.0,4020,https://www.willhaben.at/iad/immobilien/d/mietwohnungen/oberoesterreich/linz/ueber-den-daechern-von-linz-geraeumige-3-zimmer-dachgeschosswohnung-mit-charme-ausblick-viel-licht-1844670044/
Provisionsfrei für den MIETER! Lenauterrassen - NEUBAU | 2-Zimmer-Wohnung mit Loggia und Badewanne zu vermieten!,990,57,2.0,4020,https://www.willhaben.at/iad/immobilien/d/mietwohnungen/oberoesterreich/linz/provisionsfrei-fuer-den-mieter-lenauterrassen-neubau-2-zimmer-wohnung-mit-loggia-und-badewanne-zu-vermieten-1349490069/
Elegante City-Wohnung mit 2 Zimmern,1070,50,2.0,4020,https://www.willhaben.at/iad/immobilien/d/mietwohnungen/oberoesterreich/linz/elegante-city-wohnung-mit-2-zimmern-1168443625/
Schöner kann man nicht wohnen - Wohnung in Linz mit PKW-Stellplatz zu vermieten,82885,52,2.0,4030,https://www.willhaben.at/iad/immobilien/d/mietwohnungen/oberoesterreich/linz/schoener-kann-man-nicht-wohnen-wohnung-in-linz-mit-pkw-stellplatz-zu-vermieten-1881702083/
Klein UND Fein - Gemütliche 3-Zimmer-Wohnung mit neuer Einbauküche ab Mitte November!,69996,46,3.0,4020,https://www.willhaben.at/iad/immobilien/d/mietwohnungen/oberoesterreich/linz/klein-und-fein-gemuetliche-3-zimmer-wohnung-mit-neuer-einbaukueche-ab-mitte-november-2139272746/
Attraktive 2-Zimmer-Wohnung in Linz zu mieten - Nähe Wasserwald,79207,56,2.0,4020,https://www.willhaben.at/iad/immobilien/d/mietwohnungen/oberoesterreich/linz/attraktive-2-zimmer-wohnung-in-linz-zu-mieten-naehe-wasserwald-1413443821/
Einladend & modern - Komfort trifft Funktionalität - ideale Raumaufteilung mit großzügigen Eckbalkon,104467,66,3.0,4020,https://www.willhaben.at/iad/immobilien/d/mietwohnungen/oberoesterreich/linz/einladend-modern-komfort-trifft-funktionalitaet-ideale-raumaufteilung-mit-grosszuegigen-eckbalkon-2074556485/
"geförderte 2-Raum MIETKAUF Wohnung in Linz, Neubauzeile Top 121",632,53,2.0,4030,https://www.willhaben.at/iad/immobilien/d/mietwohnungen/oberoesterreich/linz/gefoerderte-2-raum-mietkauf-wohnung-in-linz-neubauzeile-top-121-1510607199/
"Neubauprojekt/Erstbezug am Bindermichl - 4 Zimmer & 2 x Sonnenbalkon - Hochwertige Ausstattung: Deckenkühlung, Fußbodenheizung, elektr. Raffstores...",133255,95,4.0,4020,https://www.willhaben.at/iad/immobilien/d/mietwohnungen/oberoesterreich/linz/neubauprojekt-erstbezug-am-bindermichl-4-zimmer-2-x-sonnenbalkon-hochwertige-ausstattung-deckenkuehlung-fussbodenheizung-elektr-raffstores-1449874604/
**Ab sofort** Sonnige 3-Zimmer Wohnung mit Dachterrasse in der Volksfeststrasse 34 - Top 13,118487,77,3.0,4020,https://www.willhaben.at/iad/immobilien/d/mietwohnungen/oberoesterreich/linz/-ab-sofort-sonnige-3-zimmer-wohnung-mit-dachterrasse-in-der-volksfeststrasse-34-top-13-826143043/
Schöne 1-Zimmer Wohnung in Ruhelage,51372,29,1.0,4020,https://www.willhaben.at/iad/immobilien/d/mietwohnungen/oberoesterreich/linz/schoene-1-zimmer-wohnung-in-ruhelage-1400244003/
anker. punkt | 2-Zimmer-Wohnung mit Loggia direkt an der Donau!,129314,62,2.0,4040,https://www.willhaben.at/iad/immobilien/d/mietwohnungen/oberoesterreich/linz/anker-punkt-2-zimmer-wohnung-mit-loggia-direkt-an-der-donau-2019702369/
"Schöne 4 Raum Wohnung in zentraler Lage beim Bulgariplatz, ca. 91m²",1045,91,4.0,4020,https://www.willhaben.at/iad/immobilien/d/mietwohnungen/oberoesterreich/linz/schoene-4-raum-wohnung-in-zentraler-lage-beim-bulgariplatz-ca-91m-2050097174/
"Wunderschöne 4 Raum Wohnung in zentraler Lage beim Bulgariplatz, ca. 96m²",1190,96,4.0,4020,https://www.willhaben.at/iad/immobilien/d/mietwohnungen/oberoesterreich/linz/wunderschoene-4-raum-wohnung-in-zentraler-lage-beim-bulgariplatz-ca-96m-1013112153/
El Sueno | inkl. Küche und Freiparkplätze,1248,83,3.0,4030,https://www.willhaben.at/iad/immobilien/d/mietwohnungen/oberoesterreich/linz/el-sueno-inkl-kueche-und-freiparkplaetze-1180947426/
Studenten aufgepasst: Gemütliche geförderte 1-Zimmer-Wohnungen in zentraler Lage verfügbar!,27375,24,1.0,4020,https://www.willhaben.at/iad/immobilien/d/mietwohnungen/oberoesterreich/linz/studenten-aufgepasst-gemuetliche-gefoerderte-1-zimmer-wohnungen-in-zentraler-lage-verfuegbar-1965510693/
Modernes Wohnen - 2 Zimmer Wohnung mit Balkon in der Raimundstraße 26 - Top B10 zu vermieten,85403,67,2.0,4020,https://www.willhaben.at/iad/immobilien/d/mietwohnungen/oberoesterreich/linz/modernes-wohnen-2-zimmer-wohnung-mit-balkon-in-der-raimundstrasse-26-top-b10-zu-vermieten-1537499790/
3-Zimmer-Wohnung in Linz,72205,70,3.0,4030,https://www.willhaben.at/iad/immobilien/d/mietwohnungen/oberoesterreich/linz/3-zimmer-wohnung-in-linz-1033096722/
PALAIS SONNENSTEIN - SCHÖNE 2-ZIMMER WOHNUNG im 3. OG,72754,34,2.0,4040,https://www.willhaben.at/iad/immobilien/d/mietwohnungen/oberoesterreich/linz/palais-sonnenstein-schoene-2-zimmer-wohnung-im-3-og-1702769862/
Ideale 2-Zimmer Wohnung in der Bischofstraße 3,72132,44,2.0,4020,https://www.willhaben.at/iad/immobilien/d/mietwohnungen/oberoesterreich/linz/ideale-2-zimmer-wohnung-in-der-bischofstrasse-3-1885937036/
Mitten in Urfahr - 31 m² Kleinwohnung,49797,31,1.0,4040,https://www.willhaben.at/iad/immobilien/d/mietwohnungen/oberoesterreich/linz/mitten-in-urfahr-31-m-kleinwohnung-2131982862/
Traumhaftes 2-Zimmer-Penthouse mit großer Terrasse,144430,69,2.0,4020,https://www.willhaben.at/iad/immobilien/d/mietwohnungen/oberoesterreich/linz/traumhaftes-2-zimmer-penthouse-mit-grosser-terrasse-1571655477/
**AB SOFORT** Exklusive 3-Zimmer Dachgeschoss-Wohnung mit 2 Terrassen - Bismarckstraße 16 - Top 20,114676,78,3.0,4020,https://www.willhaben.at/iad/immobilien/d/mietwohnungen/oberoesterreich/linz/-ab-sofort-exklusive-3-zimmer-dachgeschoss-wohnung-mit-2-terrassen-bismarckstrasse-16-top-20-908176667/
Wohnen mit einzigartigem Blick auf Linz!,1165,75,3.0,4020,https://www.willhaben.at/iad/immobilien/d/mietwohnungen/oberoesterreich/linz/wohnen-mit-einzigartigem-blick-auf-linz-1897197608/
Ideale 3-Zimmer Wohnung mit Traumblick in der Bischofstraße,110630,74,3.0,4020,https://www.willhaben.at/iad/immobilien/d/mietwohnungen/oberoesterreich/linz/ideale-3-zimmer-wohnung-mit-traumblick-in-der-bischofstrasse-1326959561/
"Pillweinstraße, sonnige und ruhig gelegene Dachgeschosswohnung mit 76 m2 plus Terrasse im 4.OG mit Lift",99956,76,3.0,4020,https://www.willhaben.at/iad/immobilien/d/mietwohnungen/oberoesterreich/linz/pillweinstrasse-sonnige-und-ruhig-gelegene-dachgeschosswohnung-mit-76-m2-plus-terrasse-im-4-og-mit-lift-1148221337/
"Helle 2-Zimmer-Wohnung mit Grünblick, großem Küchenbereich & Abstellraum",878,59,2.0,4020,https://www.willhaben.at/iad/immobilien/d/mietwohnungen/oberoesterreich/linz/helle-2-zimmer-wohnung-mit-gruenblick-grossem-kuechenbereich-abstellraum-2130136288/
3 Zimmer Maisonette Wohnung,120009,77,3.0,4030,https://www.willhaben.at/iad/immobilien/d/mietwohnungen/oberoesterreich/linz/3-zimmer-maisonette-wohnung-971009564/
Ungewöhnliche teil-möblierte 3-Zimmer-Wohnung - provisionsfrei,1280,92,3.0,4030,https://www.willhaben.at/iad/immobilien/d/mietwohnungen/oberoesterreich/linz/ungewoehnliche-teil-moeblierte-3-zimmer-wohnung-provisionsfrei-1192705256/
Stylische Altbauwohnung in zentraler Linzer Lage mit Gartenanteil,980,96,3.0,4020,https://www.willhaben.at/iad/immobilien/d/mietwohnungen/oberoesterreich/linz/stylische-altbauwohnung-in-zentraler-linzer-lage-mit-gartenanteil-1181311647/
SONNIGE Stadtwohnung zu VERMIETEN! ERSTBEZUG nach SANIERUNG!,63241,38,1.0,4020,https://www.willhaben.at/iad/immobilien/d/mietwohnungen/oberoesterreich/linz/sonnige-stadtwohnung-zu-vermieten-erstbezug-nach-sanierung-866560226/
"Ruhige, zentrale 2 Zimmerwohnung mit Loggia und Top-Aussicht",780,68,2.0,4020,https://www.willhaben.at/iad/immobilien/d/mietwohnungen/oberoesterreich/linz/ruhige-zentrale-2-zimmerwohnung-mit-loggia-und-top-aussicht-1482707881/
Penthouse nähe Landstraße,793,38,2.0,4020,https://www.willhaben.at/iad/immobilien/d/mietwohnungen/oberoesterreich/linz/penthouse-naehe-landstrasse-995406327/
Preiswerte und sanierte Wohnung mit Parkplatz!,79750,70,3.0,4030,https://www.willhaben.at/iad/immobilien/d/mietwohnungen/oberoesterreich/linz/preiswerte-und-sanierte-wohnung-mit-parkplatz-1315585424/
Erstbezug nach Sanierung - stilvolle 2-Zimmer-Wohnung mit Blick ins Grüne & kostenloser Parkmöglichkeit in Linz!,889,59,2.0,4020,https://www.willhaben.at/iad/immobilien/d/mietwohnungen/oberoesterreich/linz/erstbezug-nach-sanierung-stilvolle-2-zimmer-wohnung-mit-blick-ins-gruene-kostenloser-parkmoeglichkeit-in-linz-1070569554/
Charmante Altbau Wohnung - 51m2,76220,52,2.0,4020,https://www.willhaben.at/iad/immobilien/d/mietwohnungen/oberoesterreich/linz/charmante-altbau-wohnung-51m2-887909254/
"Linz Brucknerstraße 33 - generalsanierte 2-Zimmerwohnung, 47 m2 WNFL und neue Küche!",630,47,2.0,4020,https://www.willhaben.at/iad/immobilien/d/mietwohnungen/oberoesterreich/linz/linz-brucknerstrasse-33-generalsanierte-2-zimmerwohnung-47-m2-wnfl-und-neue-kueche-915651890/
"Froschberg, Dachgeschosswohnung mit Gartenmitbenützung zu vermieten",1950,100,5.0,4020,https://www.willhaben.at/iad/immobilien/d/mietwohnungen/oberoesterreich/linz/froschberg-dachgeschosswohnung-mit-gartenmitbenuetzung-zu-vermieten-1036285511/
Geräumige 3-Zimmer Wohnung in ruhiger Lage am Auberg,1350,104,3.0,4040,https://www.willhaben.at/iad/immobilien/d/mietwohnungen/oberoesterreich/linz/geraeumige-3-zimmer-wohnung-in-ruhiger-lage-am-auberg-1613837655/
Schöne Wohnung am Froschberg zu vermieten,1270,71,3.0,4020,https://www.willhaben.at/iad/immobilien/d/mietwohnungen/oberoesterreich/linz/schoene-wohnung-am-froschberg-zu-vermieten-1552339308/
Zu Vermieten- 2 Zimmer Wohnung in sehr guter Lage!,570,33,2.0,4020,https://www.willhaben.at/iad/immobilien/d/mietwohnungen/oberoesterreich/linz/zu-vermieten-2-zimmer-wohnung-in-sehr-guter-lage-1116479930/
Schöne Wohnküche mit Blick auf den Pfenningberg,149113,124,3.0,4020,https://www.willhaben.at/iad/immobilien/d/mietwohnungen/oberoesterreich/linz/schoene-wohnkueche-mit-blick-auf-den-pfenningberg-1202795111/
3 ZI-NEUBAUWOHNUNG MIT GROSSER LOGGIA & LÖFFELFERTIGER AUSSTATTUNG IN BESTER ZENTRUMSLAGE VON LINZ,1650,70,3.0,4020,https://www.willhaben.at/iad/immobilien/d/mietwohnungen/oberoesterreich/linz/3-zi-neubauwohnung-mit-grosser-loggia-loeffelfertiger-ausstattung-in-bester-zentrumslage-von-linz-1383866776/
2-Raum-Wohnung in Linz Zentrum - Nähe Südbahnhofmarkt,65349,63,2.0,4020,https://www.willhaben.at/iad/immobilien/d/mietwohnungen/oberoesterreich/linz/2-raum-wohnung-in-linz-zentrum-naehe-suedbahnhofmarkt-1991037555/
2 Zimmer Wohnung mit großer Loggia,79980,52,2.0,4020,https://www.willhaben.at/iad/immobilien/d/mietwohnungen/oberoesterreich/linz/2-zimmer-wohnung-mit-grosser-loggia-942036948/
Helle renovierte Dachgeschosswohnung mit 3 separaten Zimmer,1195,90,3.0,4020,https://www.willhaben.at/iad/immobilien/d/mietwohnungen/oberoesterreich/linz/helle-renovierte-dachgeschosswohnung-mit-3-separaten-zimmer-1123907442/
"Pöstlingberg, Wohnung mit eigenem Garten und eigenem Zugang",1082,72,3.0,4040,https://www.willhaben.at/iad/immobilien/d/mietwohnungen/oberoesterreich/linz/poestlingberg-wohnung-mit-eigenem-garten-und-eigenem-zugang-2063802515/
3-Zimmer Wohnung mit einzigartigem Blick auf Linz!,1249,70,3.0,4020,https://www.willhaben.at/iad/immobilien/d/mietwohnungen/oberoesterreich/linz/3-zimmer-wohnung-mit-einzigartigem-blick-auf-linz-1033901714/
2-Zimmer Wohntraum mit einzigartigem Blick auf Linz!,1120,57,2.0,4020,https://www.willhaben.at/iad/immobilien/d/mietwohnungen/oberoesterreich/linz/2-zimmer-wohntraum-mit-einzigartigem-blick-auf-linz-1567928528/
Wohnen mit einzigartigem Blick auf Linz!,1025,57,2.0,4020,https://www.willhaben.at/iad/immobilien/d/mietwohnungen/oberoesterreich/linz/wohnen-mit-einzigartigem-blick-auf-linz-923027561/
Wohnen mit einzigartigem Blick auf Linz!,998,57,2.0,4020,https://www.willhaben.at/iad/immobilien/d/mietwohnungen/oberoesterreich/linz/wohnen-mit-einzigartigem-blick-auf-linz-1973672862/
Zentral & Komfortabel - Wohnung mit Top-Anbindung nahe Linzer Landstraße,73244,56,2.0,4020,https://www.willhaben.at/iad/immobilien/d/mietwohnungen/oberoesterreich/linz/zentral-komfortabel-wohnung-mit-top-anbindung-nahe-linzer-landstrasse-1194590562/
Wohnung nächst Andreas-Hofer-Park,79891,57,2.0,4020,https://www.willhaben.at/iad/immobilien/d/mietwohnungen/oberoesterreich/linz/wohnung-naechst-andreas-hofer-park-925033268/
Moderne 2-Zimmer Wohnung mit Balkon in der Raimundstraße 24-26 / Top C7,92450,61,2.0,4020,https://www.willhaben.at/iad/immobilien/d/mietwohnungen/oberoesterreich/linz/moderne-2-zimmer-wohnung-mit-balkon-in-der-raimundstrasse-24-26-top-c7-1517590576/
Moderne 2-Zimmer Wohnung in der Raimundstraße 26,990,84,2.0,4020,https://www.willhaben.at/iad/immobilien/d/mietwohnungen/oberoesterreich/linz/moderne-2-zimmer-wohnung-in-der-raimundstrasse-26-837981910/
Gemütliche 3-Zimmer-Wohnung im Erdgeschoss - Linz/Bindermichl - Hervorragende Infrastruktur und viele Freizeitmöglichkeiten! Ab November beziehbar!,58332,50,3.0,4020,https://www.willhaben.at/iad/immobilien/d/mietwohnungen/oberoesterreich/linz/gemuetliche-3-zimmer-wohnung-im-erdgeschoss-linz-bindermichl-hervorragende-infrastruktur-und-viele-freizeitmoeglichkeiten-ab-november-beziehbar-1629623050/
Gemütliche 3-Raum-Wohnung in grüner Ruhelage sorgt für puren Wohngenuss! - Parkplatz im freien und ausgewählte Nachbarschaft inklusive!,74390,73,3.0,4030,https://www.willhaben.at/iad/immobilien/d/mietwohnungen/oberoesterreich/linz/gemuetliche-3-raum-wohnung-in-gruener-ruhelage-sorgt-fuer-puren-wohngenuss-parkplatz-im-freien-und-ausgewaehlte-nachbarschaft-inklusive-888583222/
Erstklassige Anbindung- modern und ruhig,795,55,2.0,4020,https://www.willhaben.at/iad/immobilien/d/mietwohnungen/oberoesterreich/linz/erstklassige-anbindung-modern-und-ruhig-2100517359/
Wohnung inkl. Balkon und Garten,1000,78,3.0,4030,https://www.willhaben.at/iad/immobilien/d/mietwohnungen/oberoesterreich/linz/wohnung-inkl-balkon-und-garten-1540111308/
"Linz-Ebelsberg, Schöne 2-Zimmer-Wohnung",64160,44,2.0,4030,https://www.willhaben.at/iad/immobilien/d/mietwohnungen/oberoesterreich/linz/linz-ebelsberg-schoene-2-zimmer-wohnung-922752939/
Top Wohnung im Zentrum von Linz,149088,97,3.0,4020,https://www.willhaben.at/iad/immobilien/d/mietwohnungen/oberoesterreich/linz/top-wohnung-im-zentrum-von-linz-804432844/
Nana,120197,88,4.0,4020,https://www.willhaben.at/iad/immobilien/d/mietwohnungen/oberoesterreich/linz/nana-893966796/
Schöne 3-Raum-Wohnung in Linz Zentrum - Lastenstraße,92483,81,3.0,4020,https://www.willhaben.at/iad/immobilien/d/mietwohnungen/oberoesterreich/linz/schoene-3-raum-wohnung-in-linz-zentrum-lastenstrasse-804911076/
Zentral. Kompakt. Modern. | Mitten in Linz - mitten im Geschehen | 38m² Kompaktwohnung im 3. OG mit Lift | 2m² Loggia,79034,38,1.0,4040,https://www.willhaben.at/iad/immobilien/d/mietwohnungen/oberoesterreich/linz/zentral-kompakt-modern-mitten-in-linz-mitten-im-geschehen-38m-kompaktwohnung-im-3-og-mit-lift-2m-loggia-980070446/
Großzügige 2-Zimmer-Wohnung zum wohlfühlen mit herrlicher Loggia ins Grüne!,70764,68,2.0,4020,https://www.willhaben.at/iad/immobilien/d/mietwohnungen/oberoesterreich/linz/grosszuegige-2-zimmer-wohnung-zum-wohlfuehlen-mit-herrlicher-loggia-ins-gruene-1862963371/
Wohnen im Lentia! Zweizimmerwohnung mit Balkon!,620,43,2.0,4040,https://www.willhaben.at/iad/immobilien/d/mietwohnungen/oberoesterreich/linz/wohnen-im-lentia-zweizimmerwohnung-mit-balkon-1270822929/
Kompakte 2-Zimmer-Wohnung mit Balkon - verfügbar ab Jänner 2026,759,46,2.0,2026,https://www.willhaben.at/iad/immobilien/d/mietwohnungen/oberoesterreich/linz/kompakte-2-zimmer-wohnung-mit-balkon-verfuegbar-ab-jaenner-2026-1060467446/
Hochwertige 3-Zimmer-Wohnung mit Loggia - verfügbar ab Februar 2026,126940,69,3.0,2026,https://www.willhaben.at/iad/immobilien/d/mietwohnungen/oberoesterreich/linz/hochwertige-3-zimmer-wohnung-mit-loggia-verfuegbar-ab-februar-2026-1495215552/
Zentrale 3-Zimmer-Wohnung an der Linzer Landstraße zu vermieten!,149088,97,3.0,4020,https://www.willhaben.at/iad/immobilien/d/mietwohnungen/oberoesterreich/linz/zentrale-3-zimmer-wohnung-an-der-linzer-landstrasse-zu-vermieten-1097301781/
Exklusiv und Zentral - Moderne 3-Zimmer-Wohnung in Linz!,125976,75,3.0,4020,https://www.willhaben.at/iad/immobilien/d/mietwohnungen/oberoesterreich/linz/exklusiv-und-zentral-moderne-3-zimmer-wohnung-in-linz-1741746282/
2-Zimmer Wohnung Nähe Musiktheater,1070,67,2.0,4020,https://www.willhaben.at/iad/immobilien/d/mietwohnungen/oberoesterreich/linz/2-zimmer-wohnung-naehe-musiktheater-1597333079/
Stadtliebhaber aufgepasst: zentrales Wohnen mit Top-Infrastruktur in naturnahem Umfeld - Loggia mit herrlichem Ausblick!,79951,66,2.0,4020,https://www.willhaben.at/iad/immobilien/d/mietwohnungen/oberoesterreich/linz/stadtliebhaber-aufgepasst-zentrales-wohnen-mit-top-infrastruktur-in-naturnahem-umfeld-loggia-mit-herrlichem-ausblick-933737569/
Provisionsfrei für den MIETER! LENAUTERRASSEN - NEUBAU,1025,57,2.0,4020,https://www.willhaben.at/iad/immobilien/d/mietwohnungen/oberoesterreich/linz/provisionsfrei-fuer-den-mieter-lenauterrassen-neubau-2086241076/
Provisionsfrei für den Mieter! 2-Zimmer-Wohnung mit Loggia und Badewanne in den Lenauterrassen zu vermieten!!,102501,57,2.0,4020,https://www.willhaben.at/iad/immobilien/d/mietwohnungen/oberoesterreich/linz/provisionsfrei-fuer-den-mieter-2-zimmer-wohnung-mit-loggia-und-badewanne-in-den-lenauterrassen-zu-vermieten-1367170206/
Großzügige helle & ruhige DG 4 Zimmer Wohnung im Domviertel,1850,130,4.0,4020,https://www.willhaben.at/iad/immobilien/d/mietwohnungen/oberoesterreich/linz/grosszuegige-helle-ruhige-dg-4-zimmer-wohnung-im-domviertel-1885581619/
3-Zimmer-Stadtwohnung an der Landstraße (unmöbliert),149088,97,3.0,4020,https://www.willhaben.at/iad/immobilien/d/mietwohnungen/oberoesterreich/linz/3-zimmer-stadtwohnung-an-der-landstrasse-unmoebliert-1989232039/
Geförderte 2-Raumwohnung in Linz mit Aufzug zu vermieten!,37758,37,2.0,4030,https://www.willhaben.at/iad/immobilien/d/mietwohnungen/oberoesterreich/linz/gefoerderte-2-raumwohnung-in-linz-mit-aufzug-zu-vermieten-893026493/
Helle Wohnung in Uni-Nähe,950,59,2.0,4040,https://www.willhaben.at/iad/immobilien/d/mietwohnungen/oberoesterreich/linz/helle-wohnung-in-uni-naehe-1393216810/
Kurzzeitmiete ab 1 bis max. 6 Monate - voll ausgestattete Wohnung im Herzen von Linz Urfahr,1050,31,1.0,4040,https://www.willhaben.at/iad/immobilien/d/mietwohnungen/oberoesterreich/linz/kurzzeitmiete-ab-1-bis-max-6-monate-voll-ausgestattete-wohnung-im-herzen-von-linz-urfahr-925695045/
"Schillerstraße 55: Hübsche, sonnige Wohnung mit ablösefreier Küche, 64,58m2 WNFL, 3.Stock, Gemeinschaftsgarten!, Nähe Südbahnhofmarkt!",720,65,2.0,4020,https://www.willhaben.at/iad/immobilien/d/mietwohnungen/oberoesterreich/linz/schillerstrasse-55-huebsche-sonnige-wohnung-mit-abloesefreier-kueche-64-58m2-wnfl-3-stock-gemeinschaftsgarten-naehe-suedbahnhofmarkt-1977124954/
Neu renovierte 3-Zimmer-Wohnung mit Balkon in ruhiger Grünlage von Linz-Ebelsberg,950,75,3.0,4030,https://www.willhaben.at/iad/immobilien/d/mietwohnungen/oberoesterreich/linz/neu-renovierte-3-zimmer-wohnung-mit-balkon-in-ruhiger-gruenlage-von-linz-ebelsberg-1999790574/
Erstbezug : Vermiete traumhafte Wohnung in bester Lage inkl. Eigengarten.,980,54,2.0,4040,https://www.willhaben.at/iad/immobilien/d/mietwohnungen/oberoesterreich/linz/erstbezug-vermiete-traumhafte-wohnung-in-bester-lage-inkl-eigengarten-1357512483/
"2-Zimmer Wohnung im Bruckner Tower, Top 10.08 inkl. TG- Stellplatz",103631,49,2.0,4040,https://www.willhaben.at/iad/immobilien/d/mietwohnungen/oberoesterreich/linz/2-zimmer-wohnung-im-bruckner-tower-top-10-08-inkl-tg-stellplatz-878289556/
Wohnen mit einzigartigem Blick auf Linz!,1025,57,2.0,4020,https://www.willhaben.at/iad/immobilien/d/mietwohnungen/oberoesterreich/linz/wohnen-mit-einzigartigem-blick-auf-linz-1436969871/
"Apartment mit Loggia | 3.OG mit Lift | Geräumig, zentral, hochwertig - so wohnt Linz heute | Dein smarter Start in Linz-Urfahr | Friedrichstraße 4",80771,40,1.0,4040,https://www.willhaben.at/iad/immobilien/d/mietwohnungen/oberoesterreich/linz/apartment-mit-loggia-3-og-mit-lift-geraeumig-zentral-hochwertig-so-wohnt-linz-heute-dein-smarter-start-in-linz-urfahr-friedrichstrasse-4-1258434516/
Zentral gelegene Großzügige 2 Raum Wohnung mit Balkon,109980,66,2.0,4020,https://www.willhaben.at/iad/immobilien/d/mietwohnungen/oberoesterreich/linz/zentral-gelegene-grosszuegige-2-raum-wohnung-mit-balkon-792099812/
"** Ruhige 2-Zimmer Wohnung am Hauptplatz 15-16 , Top 18 **",92064,71,2.0,4020,https://www.willhaben.at/iad/immobilien/d/mietwohnungen/oberoesterreich/linz/-ruhige-2-zimmer-wohnung-am-hauptplatz-15-16-top-18-1751834360/
Schöne 2-Zimmer-Wohnung in Linz - Unionstraße 151 - sofort beziehbar!,68373,60,2.0,4020,https://www.willhaben.at/iad/immobilien/d/mietwohnungen/oberoesterreich/linz/schoene-2-zimmer-wohnung-in-linz-unionstrasse-151-sofort-beziehbar-1773638992/
"Geförderte Neubauwohnungen in generalsanierten Gemäuern - moderne Grundrisse - Zentrale Lage mitten am nachgefragten Bindermichl, Stadlerstraße 3",86266,67,3.0,4020,https://www.willhaben.at/iad/immobilien/d/mietwohnungen/oberoesterreich/linz/gefoerderte-neubauwohnungen-in-generalsanierten-gemaeuern-moderne-grundrisse-zentrale-lage-mitten-am-nachgefragten-bindermichl-stadlerstrasse-3-1819420938/
2-Zimmer Wohnung + Balkon nahe dem Weikerlsee in der Solarcity,850,59,2.0,4030,https://www.willhaben.at/iad/immobilien/d/mietwohnungen/oberoesterreich/linz/2-zimmer-wohnung-balkon-nahe-dem-weikerlsee-in-der-solarcity-1723485057/
"Helle, neu renovierte 3-Zimmer-Wohnung",1100,89,3.0,4020,https://www.willhaben.at/iad/immobilien/d/mietwohnungen/oberoesterreich/linz/helle-neu-renovierte-3-zimmer-wohnung-1323761991/
Lichtdurchflutete 2-Zimmer-Wohnung mit Loggia und Einbauküche in Urfahr zu vermieten!,88794,60,2.0,4040,https://www.willhaben.at/iad/immobilien/d/mietwohnungen/oberoesterreich/linz/lichtdurchflutete-2-zimmer-wohnung-mit-loggia-und-einbaukueche-in-urfahr-zu-vermieten-1387762569/
Klimatisierte 2-Zimmer-Wohnung inkl. Einbauküche und Balkon in Linz nahe Hummelhofwald zu vermieten!,899,52,2.0,4020,https://www.willhaben.at/iad/immobilien/d/mietwohnungen/oberoesterreich/linz/klimatisierte-2-zimmer-wohnung-inkl-einbaukueche-und-balkon-in-linz-nahe-hummelhofwald-zu-vermieten-1648334588/
"Zentrale 3 Zimmer Wohnung in der Wurmstraße 14 Top 001, Linz",76340,61,3.0,4020,https://www.willhaben.at/iad/immobilien/d/mietwohnungen/oberoesterreich/linz/zentrale-3-zimmer-wohnung-in-der-wurmstrasse-14-top-001-linz-1276495797/
Perfekt für WG`s - 3 getrennte Zimmer und großzügige Loggia,1309,63,4.0,4020,https://www.willhaben.at/iad/immobilien/d/mietwohnungen/oberoesterreich/linz/perfekt-fuer-wg-s-3-getrennte-zimmer-und-grosszuegige-loggia-892927159/
Ideal für WGs - 3 getrennte Zimmer und hochwertige Einbauküche,1309,63,4.0,4020,https://www.willhaben.at/iad/immobilien/d/mietwohnungen/oberoesterreich/linz/ideal-fuer-wgs-3-getrennte-zimmer-und-hochwertige-einbaukueche-793328819/
Perfekt für WG`s - 3 getrennte Zimmer und großzügige Loggia,1330,63,4.0,4020,https://www.willhaben.at/iad/immobilien/d/mietwohnungen/oberoesterreich/linz/perfekt-fuer-wg-s-3-getrennte-zimmer-und-grosszuegige-loggia-1563193273/
Zum gemeinsam leben - moderne 4-Zimmer-Wohnung mit Einbauküche,1330,63,4.0,4020,https://www.willhaben.at/iad/immobilien/d/mietwohnungen/oberoesterreich/linz/zum-gemeinsam-leben-moderne-4-zimmer-wohnung-mit-einbaukueche-2108834681/
Ideal für WGs - 3 getrennte Zimmer und hochwertige Einbauküche,1370,63,4.0,4020,https://www.willhaben.at/iad/immobilien/d/mietwohnungen/oberoesterreich/linz/ideal-fuer-wgs-3-getrennte-zimmer-und-hochwertige-einbaukueche-845578971/
Zum gemeinsam leben - moderne 4-Zimmer-Wohnung mit Einbauküche,1270,63,4.0,4020,https://www.willhaben.at/iad/immobilien/d/mietwohnungen/oberoesterreich/linz/zum-gemeinsam-leben-moderne-4-zimmer-wohnung-mit-einbaukueche-2049149429/
Zum gemeinsam leben - moderne 4-Zimmer-Wohnung mit Einbauküche,1309,63,4.0,4020,https://www.willhaben.at/iad/immobilien/d/mietwohnungen/oberoesterreich/linz/zum-gemeinsam-leben-moderne-4-zimmer-wohnung-mit-einbaukueche-1445204937/
High Five: 4-Zimmer Wohnung für Familien oder WGs,1270,63,4.0,4020,https://www.willhaben.at/iad/immobilien/d/mietwohnungen/oberoesterreich/linz/high-five-4-zimmer-wohnung-fuer-familien-oder-wgs-1105083120/
Garconniere Linz-Zentrum,44752,25,1.0,4020,https://www.willhaben.at/iad/immobilien/d/mietwohnungen/oberoesterreich/linz/garconniere-linz-zentrum-1278313051/
113 m² Gartenwohnung am Pöstlingberg - Revitalisierter Traum über der Landeshauptstadt!,179799,113,3.0,4040,https://www.willhaben.at/iad/immobilien/d/mietwohnungen/oberoesterreich/linz/113-m-gartenwohnung-am-poestlingberg-revitalisierter-traum-ueber-der-landeshauptstadt-1445726783/
LINZ Taubenmarkt: Stadtwohnung in Bestlage auf zwei Etagen mit Dachterrasse,3290,100,3.0,4020,https://www.willhaben.at/iad/immobilien/d/mietwohnungen/oberoesterreich/linz/linz-taubenmarkt-stadtwohnung-in-bestlage-auf-zwei-etagen-mit-dachterrasse-940029426/
3 ZIMMERWOHNUNG MIT BALKON DROUOTSTRASSE/BULGARIEPLATZ,98230,87,3.0,4020,https://www.willhaben.at/iad/immobilien/d/mietwohnungen/oberoesterreich/linz/3-zimmerwohnung-mit-balkon-drouotstrasse-bulgarieplatz-1792436850/
"1 Zimmer Wohnung in der Kudlichstraße 9 002 , Froschberg, nähe Bahnhof",59990,40,1.0,4020,https://www.willhaben.at/iad/immobilien/d/mietwohnungen/oberoesterreich/linz/1-zimmer-wohnung-in-der-kudlichstrasse-9-002-froschberg-naehe-bahnhof-1541166961/
"Microflat im Bruckner Tower, Top 10.15",67422,35,1.0,4040,https://www.willhaben.at/iad/immobilien/d/mietwohnungen/oberoesterreich/linz/microflat-im-bruckner-tower-top-10-15-2128847584/
3-Zimmer-Wohnung in Linz-Ebelsberg,75442,81,3.0,4030,https://www.willhaben.at/iad/immobilien/d/mietwohnungen/oberoesterreich/linz/3-zimmer-wohnung-in-linz-ebelsberg-1656313020/
"großzügige 4-Zimmer-Wohnung am Bindermichl, lichtdurchfluteter Wohnbereich, Balkon Richtung begrüntem Innenhof, elektrische Raffstores",121337,92,4.0,4020,https://www.willhaben.at/iad/immobilien/d/mietwohnungen/oberoesterreich/linz/grosszuegige-4-zimmer-wohnung-am-bindermichl-lichtdurchfluteter-wohnbereich-balkon-richtung-begruentem-innenhof-elektrische-raffstores-883317830/
Maisonette-Wohnung im Zentrum von Linz zu vermieten,1695,96,4.0,4020,https://www.willhaben.at/iad/immobilien/d/mietwohnungen/oberoesterreich/linz/maisonette-wohnung-im-zentrum-von-linz-zu-vermieten-1637854839/
3-Zimmer-Wohnung am Froschberg (Nähe botanischer Garten & Stadion),128787,89,3.0,4020,https://www.willhaben.at/iad/immobilien/d/mietwohnungen/oberoesterreich/linz/3-zimmer-wohnung-am-froschberg-naehe-botanischer-garten-stadion-1459364096/
Altbauflair trifft moderne Ausstattung! Erstbezug nach Generalsanierung!,89857,54,2.0,4020,https://www.willhaben.at/iad/immobilien/d/mietwohnungen/oberoesterreich/linz/altbauflair-trifft-moderne-ausstattung-erstbezug-nach-generalsanierung-1618627974/
"Zentrum Urfahr, 75m² 2-Zimmer Wohnung in gepflegtem Altbau, möbliert",950,75,2.0,4040,https://www.willhaben.at/iad/immobilien/d/mietwohnungen/oberoesterreich/linz/zentrum-urfahr-75m-2-zimmer-wohnung-in-gepflegtem-altbau-moebliert-934563735/
exquisite Mietwohnung im Zentrum von Linz - Jetzt mit VIDEOBESICHTIGUNG auf www.life-real.at,895,69,3.0,4020,https://www.willhaben.at/iad/immobilien/d/mietwohnungen/oberoesterreich/linz/exquisite-mietwohnung-im-zentrum-von-linz-jetzt-mit-videobesichtigung-auf-www-life-real-at-1866989062/
Helle 2 Zimmer Wohnung mit Balkon in der Urfahraner Leonfeldner Straße,927,60,2.0,4040,https://www.willhaben.at/iad/immobilien/d/mietwohnungen/oberoesterreich/linz/helle-2-zimmer-wohnung-mit-balkon-in-der-urfahraner-leonfeldner-strasse-1801677008/
3 Zimmerwohnung mit 2 Balkone und Tiefgaragenplatz ( Coming Soon ab 01.01.2026),1430,66,3.0,2026,https://www.willhaben.at/iad/immobilien/d/mietwohnungen/oberoesterreich/linz/3-zimmerwohnung-mit-2-balkone-und-tiefgaragenplatz-coming-soon-ab-01-01-2026-1597020036/
Maisonette Wohnung mit Blick auf den Pöstlingberg mit neuer Küche,1340,83,3.0,4040,https://www.willhaben.at/iad/immobilien/d/mietwohnungen/oberoesterreich/linz/maisonette-wohnung-mit-blick-auf-den-poestlingberg-mit-neuer-kueche-1732917126/
"Mietwohnungen inkl. energiesparendem Klimasystem mit Wärmepumpenanlage, Deckenkühlung, Erdspeicher und Solaranlage am sicheren u. nachgefragten Bindermichl",96150,78,2.0,4020,https://www.willhaben.at/iad/immobilien/d/mietwohnungen/oberoesterreich/linz/mietwohnungen-inkl-energiesparendem-klimasystem-mit-waermepumpenanlage-deckenkuehlung-erdspeicher-und-solaranlage-am-sicheren-u-nachgefragten-bindermichl-1993199104/
Zentrum/Urfahr - gemütliche 78m²-Wohnung mit Eigengarten,92420,78,3.0,4040,https://www.willhaben.at/iad/immobilien/d/mietwohnungen/oberoesterreich/linz/zentrum-urfahr-gemuetliche-78m-wohnung-mit-eigengarten-1873525857/
Großzügige 2-Zimmer-Wohnung mit Loftcharakter in Linz nähe Wifi zu vermieten! (Top 26),129496,101,2.0,4020,https://www.willhaben.at/iad/immobilien/d/mietwohnungen/oberoesterreich/linz/grosszuegige-2-zimmer-wohnung-mit-loftcharakter-in-linz-naehe-wifi-zu-vermieten-top-26-1049897829/
Moderne 2-Zimmer-Wohnung mit Einbauküche in zentraler Lage von Linz,65066,49,2.0,4020,https://www.willhaben.at/iad/immobilien/d/mietwohnungen/oberoesterreich/linz/moderne-2-zimmer-wohnung-mit-einbaukueche-in-zentraler-lage-von-linz-1858190370/
XXL-Eckbalkon - nachhaltiges Wohnen dank effizientem Energiekonzept mit Deckentemperierung in großzügiger 3-Raum-Wohnung,121738,83,3.0,4020,https://www.willhaben.at/iad/immobilien/d/mietwohnungen/oberoesterreich/linz/xxl-eckbalkon-nachhaltiges-wohnen-dank-effizientem-energiekonzept-mit-deckentemperierung-in-grosszuegiger-3-raum-wohnung-1405440556/
ERSBEZUG! Moderne Wohnung mit 3 getrennte Zimmer und Wohnküche im 16.OG,1290,63,4.0,4020,https://www.willhaben.at/iad/immobilien/d/mietwohnungen/oberoesterreich/linz/ersbezug-moderne-wohnung-mit-3-getrennte-zimmer-und-wohnkueche-im-16-og-2007602289/
Wohnen über den Dächern von Linz - ideale 2 Zi-Wohnung!,975,43,2.0,4020,https://www.willhaben.at/iad/immobilien/d/mietwohnungen/oberoesterreich/linz/wohnen-ueber-den-daechern-von-linz-ideale-2-zi-wohnung-1385802735/
BALKONTRAUM IN LINZ,63182,51,2.0,4030,https://www.willhaben.at/iad/immobilien/d/mietwohnungen/oberoesterreich/linz/balkontraum-in-linz-1265261246/
Moderna,937,74,3.0,4030,https://www.willhaben.at/iad/immobilien/d/mietwohnungen/oberoesterreich/linz/moderna-1825909626/
2-Zimmer Mietwohnung Nähe Stadtzentrum,823,64,2.0,4030,https://www.willhaben.at/iad/immobilien/d/mietwohnungen/oberoesterreich/linz/2-zimmer-mietwohnung-naehe-stadtzentrum-1515998939/
Super Lage zwischen Südbahnhof und KUK!,79967,56,2.0,4020,https://www.willhaben.at/iad/immobilien/d/mietwohnungen/oberoesterreich/linz/super-lage-zwischen-suedbahnhof-und-kuk-1297738538/
Erstbezug: Lichtdurchflutetes Penthouse mit Panorama-Ausblick,170077,89,4.0,4030,https://www.willhaben.at/iad/immobilien/d/mietwohnungen/oberoesterreich/linz/erstbezug-lichtdurchflutetes-penthouse-mit-panorama-ausblick-775625115/
Zentrale Wohnung in Ebelsberg,82635,71,2.0,4030,https://www.willhaben.at/iad/immobilien/d/mietwohnungen/oberoesterreich/linz/zentrale-wohnung-in-ebelsberg-1282277425/
"Großzügige Altbauwohnung mit Terrasse und Wintergarten, ca. 155 m2, sehr zentrale Lage",2200,155,4.0,4020,https://www.willhaben.at/iad/immobilien/d/mietwohnungen/oberoesterreich/linz/grosszuegige-altbauwohnung-mit-terrasse-und-wintergarten-ca-155-m2-sehr-zentrale-lage-1412465285/
Stadtwohnung | Wohnen mit System | 1 Zimmer im 2.OG | Friedrichstraße 4 | Terminbuchung online | ab sofort verfügbar,82993,39,1.0,4040,https://www.willhaben.at/iad/immobilien/d/mietwohnungen/oberoesterreich/linz/stadtwohnung-wohnen-mit-system-1-zimmer-im-2-og-friedrichstrasse-4-terminbuchung-online-ab-sofort-verfuegbar-1590685642/
Großzügige 3 Zimmer-Altbauwohnung mit Küche - Nähe Landstraße!,1374,120,3.0,4020,https://www.willhaben.at/iad/immobilien/d/mietwohnungen/oberoesterreich/linz/grosszuegige-3-zimmer-altbauwohnung-mit-kueche-naehe-landstrasse-1537590378/
"Tolle Innenhof, viel Platz, Wohnküche",92631,79,3.0,4040,https://www.willhaben.at/iad/immobilien/d/mietwohnungen/oberoesterreich/linz/tolle-innenhof-viel-platz-wohnkueche-1769807425/
MAISONETTEWOHNUNG NÄHE BULGARIPLATZ/LINZ,1177,99,3.0,4020,https://www.willhaben.at/iad/immobilien/d/mietwohnungen/oberoesterreich/linz/maisonettewohnung-naehe-bulgariplatz-linz-846967278/
"LINZ (Schörgenhubstraße): Perfekt aufgeteilte WOHNUNG mit ca. 55,38 m² Wohnfläche + BALKON ca. 4,9 m²",690,38,3.0,4030,https://www.willhaben.at/iad/immobilien/d/mietwohnungen/oberoesterreich/linz/linz-schoergenhubstrasse-perfekt-aufgeteilte-wohnung-mit-ca-55-38-m-wohnflaeche-balkon-ca-4-9-m-1765287288/
"Nahe Medcampus! Sehr coole 3,5 Raum Dachgeschoßwohnung mit Balkon zum ruhigen Innenhof !",149990,78,3.0,4020,https://www.willhaben.at/iad/immobilien/d/mietwohnungen/oberoesterreich/linz/nahe-medcampus-sehr-coole-3-5-raum-dachgeschosswohnung-mit-balkon-zum-ruhigen-innenhof-1868865224/
Gediegene 2-Raum Wohnung in einem attraktiven Stadtviertel (Linz/ Stockhofviertel) mit vielseitiger Infrastruktur!,81128,52,2.0,4020,https://www.willhaben.at/iad/immobilien/d/mietwohnungen/oberoesterreich/linz/gediegene-2-raum-wohnung-in-einem-attraktiven-stadtviertel-linz-stockhofviertel-mit-vielseitiger-infrastruktur-1022987007/
"Preiswerte 4,5-Zimmer-Wohnung in Linzer Bestlage zu vermieten!",1177,108,4.0,4020,https://www.willhaben.at/iad/immobilien/d/mietwohnungen/oberoesterreich/linz/preiswerte-4-5-zimmer-wohnung-in-linzer-bestlage-zu-vermieten-1626329881/
"LINZ-URFAHR (Katzbach) Mietwohnung ca.73 m² Wohnfläche, 3 Zimmer + Galerie und verglaster Loggia",109023,73,3.0,4040,https://www.willhaben.at/iad/immobilien/d/mietwohnungen/oberoesterreich/linz/linz-urfahr-katzbach-mietwohnung-ca-73-m-wohnflaeche-3-zimmer-galerie-und-verglaster-loggia-955606693/
Familienfreundliche 4-Zimmer-Wohnung mit riesiger Freifläche in Linz nähe Wifi zu vermieten! (Top 71),154978,108,4.0,4020,https://www.willhaben.at/iad/immobilien/d/mietwohnungen/oberoesterreich/linz/familienfreundliche-4-zimmer-wohnung-mit-riesiger-freiflaeche-in-linz-naehe-wifi-zu-vermieten-top-71-1754094621/
Herbstaktion erstes Monat mietfrei! Lichtdurchflutete 2-Zimmer-Wohnung mit Loggia - ab sofort beziehbar,77712,68,2.0,4020,https://www.willhaben.at/iad/immobilien/d/mietwohnungen/oberoesterreich/linz/herbstaktion-erstes-monat-mietfrei-lichtdurchflutete-2-zimmer-wohnung-mit-loggia-ab-sofort-beziehbar-1482862629/
"Ihr neues Zuhause mitten in Ebelsberg - Wohlfühlen im urbanen Zentrum, mit Blick ins Grüne",136950,81,3.0,4030,https://www.willhaben.at/iad/immobilien/d/mietwohnungen/oberoesterreich/linz/ihr-neues-zuhause-mitten-in-ebelsberg-wohlfuehlen-im-urbanen-zentrum-mit-blick-ins-gruene-1444599798/
Lichtdurchflutete Dachgeschosswohnung mit Loggia - wohnen über den Dächern der Linzer Hauptstraße!,163350,96,4.0,4040,https://www.willhaben.at/iad/immobilien/d/mietwohnungen/oberoesterreich/linz/lichtdurchflutete-dachgeschosswohnung-mit-loggia-wohnen-ueber-den-daechern-der-linzer-hauptstrasse-1038658339/
6650/28524,121738,83,3.0,6650,https://www.willhaben.at/iad/immobilien/d/mietwohnungen/oberoesterreich/linz/xxl-eckbalkon-nachhaltiges-wohnen-dank-effizientem-energiekonzept-mit-deckentemperierung-in-grosszuegiger-3-raum-wohnung-1405440556/
6650/28484,133255,95,4.0,6650,https://www.willhaben.at/iad/immobilien/d/mietwohnungen/oberoesterreich/linz/neubauprojekt-erstbezug-am-bindermichl-4-zimmer-2-x-sonnenbalkon-hochwertige-ausstattung-deckenkuehlung-fussbodenheizung-elektr-raffstores-1449874604/
6650/28537,121337,92,4.0,6650,https://www.willhaben.at/iad/immobilien/d/mietwohnungen/oberoesterreich/linz/grosszuegige-4-zimmer-wohnung-am-bindermichl-lichtdurchfluteter-wohnbereich-balkon-richtung-begruentem-innenhof-elektrische-raffstores-883317830/
6650/28461,114067,74,3.0,6650,https://www.willhaben.at/iad/immobilien/d/mietwohnungen/oberoesterreich/linz/wohlfuehlwohnen-mit-kleinem-oekologischen-fussabdruck-3-zimmer-wohnung-mit-grossem-balkon-2041690019/
6650/28544,104467,66,3.0,6650,https://www.willhaben.at/iad/immobilien/d/mietwohnungen/oberoesterreich/linz/einladend-modern-komfort-trifft-funktionalitaet-ideale-raumaufteilung-mit-grosszuegigen-eckbalkon-2074556485/
"Linz Zentrum - 3-Zimmer-Wohnung (78 m²), generalsaniert mit neuer Küche",1198,78,3.0,4020,https://www.willhaben.at/iad/immobilien/d/mietwohnungen/oberoesterreich/linz/linz-zentrum-3-zimmer-wohnung-78-m-generalsaniert-mit-neuer-kueche-847770456/
"Garçonnière mit Balkon in Linz, Stockhofstraße 32",55131,37,1.0,4020,https://www.willhaben.at/iad/immobilien/d/mietwohnungen/oberoesterreich/linz/garconniere-mit-balkon-in-linz-stockhofstrasse-32-1335491306/
Wohnen mit einzigartigem Blick auf Linz!,980,57,2.0,4020,https://www.willhaben.at/iad/immobilien/d/mietwohnungen/oberoesterreich/linz/wohnen-mit-einzigartigem-blick-auf-linz-1833278485/
"Familientaugliche Neubau 3- Zimmer Wohnung mit Küche, Balkon & Tiefgaragenparkplatz",122248,83,3.0,4030,https://www.willhaben.at/iad/immobilien/d/mietwohnungen/oberoesterreich/linz/familientaugliche-neubau-3-zimmer-wohnung-mit-kueche-balkon-tiefgaragenparkplatz-1112233784/
"Hochwertige Neubau 2 ZI-Wohnung mit Küche, Balkon & Tiefgaragenparkplatz",98336,64,2.0,4030,https://www.willhaben.at/iad/immobilien/d/mietwohnungen/oberoesterreich/linz/hochwertige-neubau-2-zi-wohnung-mit-kueche-balkon-tiefgaragenparkplatz-1476447115/
Ideale 2-Zimmer Wohnung in der Drouotstraße 4 zu vermieten - Top 02,65748,51,2.0,4020,https://www.willhaben.at/iad/immobilien/d/mietwohnungen/oberoesterreich/linz/ideale-2-zimmer-wohnung-in-der-drouotstrasse-4-zu-vermieten-top-02-1573975334/
Neuwertige 2-Zimmer-Wohnung mit großer Terrasse in Linz/Ebelsberg,89731,56,2.0,4030,https://www.willhaben.at/iad/immobilien/d/mietwohnungen/oberoesterreich/linz/neuwertige-2-zimmer-wohnung-mit-grosser-terrasse-in-linz-ebelsberg-1121209753/
Moderne 3-Zi Wohnung in der Raimundstraße mit hofseitigem Balkon,99575,79,3.0,4020,https://www.willhaben.at/iad/immobilien/d/mietwohnungen/oberoesterreich/linz/moderne-3-zi-wohnung-in-der-raimundstrasse-mit-hofseitigem-balkon-1992207306/
Ihr neues Zuhause mit Wohlfühlblick - Genießen Sie eine traumhafte Aussicht mit wunderschönen Sonnenuntergängen - Ideal für Singles oder Paare!,78349,55,2.0,4020,https://www.willhaben.at/iad/immobilien/d/mietwohnungen/oberoesterreich/linz/ihr-neues-zuhause-mit-wohlfuehlblick-geniessen-sie-eine-traumhafte-aussicht-mit-wunderschoenen-sonnenuntergaengen-ideal-fuer-singles-oder-paare-1458796956/
WOHNEN IM 20.OG! Erstbezugswohnung mit Einbauküche ++ 3 getrennte Zimmer und Wohnküche ++,1370,63,4.0,4020,https://www.willhaben.at/iad/immobilien/d/mietwohnungen/oberoesterreich/linz/wohnen-im-20-og-erstbezugswohnung-mit-einbaukueche-3-getrennte-zimmer-und-wohnkueche-2059210482/
ERSBEZUG! Moderne Wohnung mit 3 getrennte Zimmer und Wohnküche im 16.OG,1290,63,4.0,4020,https://www.willhaben.at/iad/immobilien/d/mietwohnungen/oberoesterreich/linz/ersbezug-moderne-wohnung-mit-3-getrennte-zimmer-und-wohnkueche-im-16-og-893992983/
"3,5 Zimmer Erdgeschoßwohnung mit 68m²",989,68,3.5,4020,https://www.willhaben.at/iad/immobilien/d/mietwohnungen/oberoesterreich/linz/3-5-zimmer-erdgeschosswohnung-mit-68m-838428668/
Ruhige 2-Zimmer-Wohnung mit hofseitigem Balkon - verfügbar ab Jänner 2026,84588,56,2.0,2026,https://www.willhaben.at/iad/immobilien/d/mietwohnungen/oberoesterreich/linz/ruhige-2-zimmer-wohnung-mit-hofseitigem-balkon-verfuegbar-ab-jaenner-2026-1365146559/
Mietwohnung Gmeinerweg 10-5,70626,61,2.0,4030,https://www.willhaben.at/iad/immobilien/d/mietwohnungen/oberoesterreich/linz/mietwohnung-gmeinerweg-10-5-1597894309/
"Charmante Garconniere im Zentrum von Linz - ruhig, hell & provisionsfrei | Ab Dezember verfügbar | Ideal für Studierende & Singles",42098,31,1.0,4020,https://www.willhaben.at/iad/immobilien/d/mietwohnungen/oberoesterreich/linz/charmante-garconniere-im-zentrum-von-linz-ruhig-hell-provisionsfrei-ab-dezember-verfuegbar-ideal-fuer-studierende-singles-1220819291/
KURZZEITMIETE - vollausgestattetes Apartment zum Fixpreis (monatlich kündbar),1099,42,2.0,4020,https://www.willhaben.at/iad/immobilien/d/mietwohnungen/oberoesterreich/linz/kurzzeitmiete-vollausgestattetes-apartment-zum-fixpreis-monatlich-kuendbar-1918552667/
High Five: Coole und sonnige Loftwohnungen mit Loggia und Panoramaaussicht,790,40,1.0,4020,https://www.willhaben.at/iad/immobilien/d/mietwohnungen/oberoesterreich/linz/high-five-coole-und-sonnige-loftwohnungen-mit-loggia-und-panoramaaussicht-933596358/
GENERALSANIERTE 1-Zimmerwohnung nähe Volksgarten (Top 7),63749,49,1.0,4020,https://www.willhaben.at/iad/immobilien/d/mietwohnungen/oberoesterreich/linz/generalsanierte-1-zimmerwohnung-naehe-volksgarten-top-7-1225543518/
"Stilvoll wohnen über den Dächern von Linz, 138 m² WNFL + 10 m² Dachterrasse, 4 Zimmer, Küche möbliert, Parkplatz optional!",176083,138,4.0,4020,https://www.willhaben.at/iad/immobilien/d/mietwohnungen/oberoesterreich/linz/stilvoll-wohnen-ueber-den-daechern-von-linz-138-m-wnfl-10-m-dachterrasse-4-zimmer-kueche-moebliert-parkplatz-optional-1663090930/
Exklusive Dachgeschosswohnung mit Fernblick - urbanes Wohnen auf höchstem Niveau,1450,110,4.0,4020,https://www.willhaben.at/iad/immobilien/d/mietwohnungen/oberoesterreich/linz/exklusive-dachgeschosswohnung-mit-fernblick-urbanes-wohnen-auf-hoechstem-niveau-1881336891/
Luxuswohnung in Bestlage zu vermieten - Kompakte 2-Zimmer-Wohnung mit Terrasse,1389,40,2.0,4020,https://www.willhaben.at/iad/immobilien/d/mietwohnungen/oberoesterreich/linz/luxuswohnung-in-bestlage-zu-vermieten-kompakte-2-zimmer-wohnung-mit-terrasse-1080332505/
Moderne 2 Zimmer-Wohnung mit Küche und Balkon - TG-Plätze verfügbar,79001,42,2.0,4020,https://www.willhaben.at/iad/immobilien/d/mietwohnungen/oberoesterreich/linz/moderne-2-zimmer-wohnung-mit-kueche-und-balkon-tg-plaetze-verfuegbar-1176048815/
Schöne Altbauwohnung Nähe Volksgarten Landstraße Linz,86583,77,2.0,4020,https://www.willhaben.at/iad/immobilien/d/mietwohnungen/oberoesterreich/linz/schoene-altbauwohnung-naehe-volksgarten-landstrasse-linz-1777443404/
Casa Carlone: Vollmöblierte Design-Wohnung in Linz!,143127,70,3.0,4030,https://www.willhaben.at/iad/immobilien/d/mietwohnungen/oberoesterreich/linz/casa-carlone-vollmoeblierte-design-wohnung-in-linz-1920290901/
"In Linzer Bahnhofsnähe! Großzügige 3,5 Zimmer-Wohnung mit Balkon zu vermieten!",109366,92,3.5,4020,https://www.willhaben.at/iad/immobilien/d/mietwohnungen/oberoesterreich/linz/in-linzer-bahnhofsnaehe-grosszuegige-3-5-zimmer-wohnung-mit-balkon-zu-vermieten-878774671/
Die perfekten Wohnungen - TOP 26,82901,50,2.0,4020,https://www.willhaben.at/iad/immobilien/d/mietwohnungen/oberoesterreich/linz/die-perfekten-wohnungen-top-26-2050282139/
"Studenten-WGs in der City, Wurmstraße 14, Linz-Zentrum",1099,93,4.0,4020,https://www.willhaben.at/iad/immobilien/d/mietwohnungen/oberoesterreich/linz/studenten-wgs-in-der-city-wurmstrasse-14-linz-zentrum-974340022/
3- Raum Wohnung in Urfahr,68150,71,3.0,4040,https://www.willhaben.at/iad/immobilien/d/mietwohnungen/oberoesterreich/linz/3-raum-wohnung-in-urfahr-994125274/
ERSTBEZUG - Helle 2-Zimmer-Wohnung mit Balkon & Eigengarten,929,47,2.0,4030,https://www.willhaben.at/iad/immobilien/d/mietwohnungen/oberoesterreich/linz/erstbezug-helle-2-zimmer-wohnung-mit-balkon-eigengarten-1685416976/
Charmante Loggiawohnung Nahe dem Brucknerhaus,107160,71,2.0,4020,https://www.willhaben.at/iad/immobilien/d/mietwohnungen/oberoesterreich/linz/charmante-loggiawohnung-nahe-dem-brucknerhaus-1252658243/
Top Lage: Sanierte 2-Zimmerwohnung am Froschberg mit neuer Küche,800,59,2.0,4020,https://www.willhaben.at/iad/immobilien/d/mietwohnungen/oberoesterreich/linz/top-lage-sanierte-2-zimmerwohnung-am-froschberg-mit-neuer-kueche-1454470756/
Neu sanierte 2-Zimmer-Wohnung mit Balkon,689,47,2.0,4020,https://www.willhaben.at/iad/immobilien/d/mietwohnungen/oberoesterreich/linz/neu-sanierte-2-zimmer-wohnung-mit-balkon-776737395/
"Makartstraße 8,3: Single/Paar: Schöne DG-Wohnung, 2 Zimmer, 42.06m2 WNFL und ausgebautem Spitzboden mit 35,44m2,3.Stock, Parkplätze!",635,77,2.0,4020,https://www.willhaben.at/iad/immobilien/d/mietwohnungen/oberoesterreich/linz/makartstrasse-8-3-single-paar-schoene-dg-wohnung-2-zimmer-42-06m2-wnfl-und-ausgebautem-spitzboden-mit-35-44m2-3-stock-parkplaetze-1800599410/
"Gartenwohnung! Lichtdurchflutete 2,5-Zimmer-Wohnung mit voll ausgestatteter Einbauküche in Linz zu vermieten!",95972,55,2.0,4020,https://www.willhaben.at/iad/immobilien/d/mietwohnungen/oberoesterreich/linz/gartenwohnung-lichtdurchflutete-2-5-zimmer-wohnung-mit-voll-ausgestatteter-einbaukueche-in-linz-zu-vermieten-1183810776/
"Gemütliche Wohnung in zentraler Lage (Linz Innenstadt, 40 Min zur Uni)",1005,60,3.0,4020,https://www.willhaben.at/iad/immobilien/d/mietwohnungen/oberoesterreich/linz/gemuetliche-wohnung-in-zentraler-lage-linz-innenstadt-40-min-zur-uni-2067452365/
"geförderte 2-Raum MIETKAUF Wohnung in Linz, Neubauzeile Top 139",673,53,2.0,4030,https://www.willhaben.at/iad/immobilien/d/mietwohnungen/oberoesterreich/linz/gefoerderte-2-raum-mietkauf-wohnung-in-linz-neubauzeile-top-139-1746468189/
Renovierte 3 Zimmer-Altbau-Wohnung mit Küche in bester City-Lage - Nähe Landstraße,109120,84,3.0,4020,https://www.willhaben.at/iad/immobilien/d/mietwohnungen/oberoesterreich/linz/renovierte-3-zimmer-altbau-wohnung-mit-kueche-in-bester-city-lage-naehe-landstrasse-1350852725/
Schöne 82m2 Wohnung in Pichling am See!,947,83,3.0,4030,https://www.willhaben.at/iad/immobilien/d/mietwohnungen/oberoesterreich/linz/schoene-82m2-wohnung-in-pichling-am-see-1281522293/
Traumhafte Penthouse Wohnung am Auberg in Linz-Urfahr - Ihr neues Zuhause wartet!,1811,104,3.0,4040,https://www.willhaben.at/iad/immobilien/d/mietwohnungen/oberoesterreich/linz/traumhafte-penthouse-wohnung-am-auberg-in-linz-urfahr-ihr-neues-zuhause-wartet-1818599236/
"4040 Urfahr, Leonfeldnerstr.283: Einfache 4 Zimmerwohnung, 81m2 WNFL, ablösefreie Küche, Balkon, DG, 2.Stock",67881,81,4.0,4040,https://www.willhaben.at/iad/immobilien/d/mietwohnungen/oberoesterreich/linz/4040-urfahr-leonfeldnerstr-283-einfache-4-zimmerwohnung-81m2-wnfl-abloesefreie-kueche-balkon-dg-2-stock-1116997495/
"Helle 3,5-Zimmer-Wohnung mit Wintergarten & Loggia",130227,107,3.0,4020,https://www.willhaben.at/iad/immobilien/d/mietwohnungen/oberoesterreich/linz/helle-3-5-zimmer-wohnung-mit-wintergarten-loggia-890001160/
Innenstadtdachgeschoßwohnung,74241,70,3.0,4020,https://www.willhaben.at/iad/immobilien/d/mietwohnungen/oberoesterreich/linz/innenstadtdachgeschosswohnung-861390510/
EXKLUSIVE DESIGNER MAISONETTE LINZER ZENTRUMSLAGE -TERRASSE,2110,120,4.0,4020,https://www.willhaben.at/iad/immobilien/d/mietwohnungen/oberoesterreich/linz/exklusive-designer-maisonette-linzer-zentrumslage-terrasse-1072005266/
Lichtdurchflutete 2-Zimmer-Wohnung mit Loft-Flair und großzügiger Terrasse in Linz nähe Wifi zu vermieten! (Top 65),139902,101,2.0,4020,https://www.willhaben.at/iad/immobilien/d/mietwohnungen/oberoesterreich/linz/lichtdurchflutete-2-zimmer-wohnung-mit-loft-flair-und-grosszuegiger-terrasse-in-linz-naehe-wifi-zu-vermieten-top-65-2029262274/
High Five: 2-Zimmer Wohnungen inkl. Küche im 18.Stock,810,37,2.0,4020,https://www.willhaben.at/iad/immobilien/d/mietwohnungen/oberoesterreich/linz/high-five-2-zimmer-wohnungen-inkl-kueche-im-18-stock-1514897829/
"High Five: Helle 2-Zimmer-Wohnung mit Loggia, Neubau",820,45,2.0,4020,https://www.willhaben.at/iad/immobilien/d/mietwohnungen/oberoesterreich/linz/high-five-helle-2-zimmer-wohnung-mit-loggia-neubau-1845929459/
Gartenwohnung im Palais Löwenfeld!,125435,79,2.0,4030,https://www.willhaben.at/iad/immobilien/d/mietwohnungen/oberoesterreich/linz/gartenwohnung-im-palais-loewenfeld-1198098936/
Central,750,35,2.0,4020,https://www.willhaben.at/iad/immobilien/d/mietwohnungen/oberoesterreich/linz/central-1265090217/
WOHNEN AUF ZEIT möglich / komplette Ausstattung,1800,53,2.0,4020,https://www.willhaben.at/iad/immobilien/d/mietwohnungen/oberoesterreich/linz/wohnen-auf-zeit-moeglich-komplette-ausstattung-1156346795/
Vermiete eine 68 m2 Wohnung in der Salzburgerstraße/ Neue Heimat,689,68,2.0,4030,https://www.willhaben.at/iad/immobilien/d/mietwohnungen/oberoesterreich/linz/vermiete-eine-68-m2-wohnung-in-der-salzburgerstrasse-neue-heimat-1170570037/
"Wohnung 77,64 m² in Urfahr, Aubergstr.9, bei Frisör am Berg - Befristeter Mietvertrag ab 02.08.2026",1090,64,3.0,2026,https://www.willhaben.at/iad/immobilien/d/mietwohnungen/oberoesterreich/linz/wohnung-77-64-m-in-urfahr-aubergstr-9-bei-frisoer-am-berg-befristeter-mietvertrag-ab-02-08-2026-1373866973/
Sensationelle Maisonette-Innenstadtwohnung nahe dem Volksgarten und Musiktheater!,151243,113,3.0,4020,https://www.willhaben.at/iad/immobilien/d/mietwohnungen/oberoesterreich/linz/sensationelle-maisonette-innenstadtwohnung-nahe-dem-volksgarten-und-musiktheater-2091077378/
Wohnung in zentraler Lage,119653,62,2.0,4020,https://www.willhaben.at/iad/immobilien/d/mietwohnungen/oberoesterreich/linz/wohnung-in-zentraler-lage-1261285923/
Perfekte ruhige 3-Zimmerneubauwohnung mit großem Balkon,110438,74,3.0,4030,https://www.willhaben.at/iad/immobilien/d/mietwohnungen/oberoesterreich/linz/perfekte-ruhige-3-zimmerneubauwohnung-mit-grossem-balkon-1633272691/
Große 3-Zimmer Dachgeschosswohnung in der Linzer Innenstadt!,1399,99,3.0,4020,https://www.willhaben.at/iad/immobilien/d/mietwohnungen/oberoesterreich/linz/grosse-3-zimmer-dachgeschosswohnung-in-der-linzer-innenstadt-1715747809/
"Traumhaftes 3,5-Zimmer-Maisonette-Penthouse mit Balkon und Terrasse",199870,147,3.0,4020,https://www.willhaben.at/iad/immobilien/d/mietwohnungen/oberoesterreich/linz/traumhaftes-3-5-zimmer-maisonette-penthouse-mit-balkon-und-terrasse-2089847999/
Modernes Wohnen im Herzen von Linz,889,53,2.0,4020,https://www.willhaben.at/iad/immobilien/d/mietwohnungen/oberoesterreich/linz/modernes-wohnen-im-herzen-von-linz-1298210571/
Die perfekten Wohnungen für moderne Wohnzwecke - TOP 8,1276,84,3.0,4020,https://www.willhaben.at/iad/immobilien/d/mietwohnungen/oberoesterreich/linz/die-perfekten-wohnungen-fuer-moderne-wohnzwecke-top-8-1081680911/
Die perfekten Wohnungen für moderne Ansprüche - TOP 10,83633,52,2.0,4020,https://www.willhaben.at/iad/immobilien/d/mietwohnungen/oberoesterreich/linz/die-perfekten-wohnungen-fuer-moderne-ansprueche-top-10-1656575761/
Die perfekte Wohnung für moderne Ansprüche - TOP 23,92510,59,2.0,4020,https://www.willhaben.at/iad/immobilien/d/mietwohnungen/oberoesterreich/linz/die-perfekte-wohnung-fuer-moderne-ansprueche-top-23-1255635411/
Tolle Wohnung in zentraler Lage - TOP 35,94895,62,2.0,4020,https://www.willhaben.at/iad/immobilien/d/mietwohnungen/oberoesterreich/linz/tolle-wohnung-in-zentraler-lage-top-35-1307589594/
Exklusive Innenstadtwohnung mit Dachterrasse & Klimaanlage - Blick auf den Pöstlingberg,92679,50,2.0,4020,https://www.willhaben.at/iad/immobilien/d/mietwohnungen/oberoesterreich/linz/exklusive-innenstadtwohnung-mit-dachterrasse-klimaanlage-blick-auf-den-poestlingberg-1387760557/
Wohnen im Zentrum von Linz,890,62,3.0,4020,https://www.willhaben.at/iad/immobilien/d/mietwohnungen/oberoesterreich/linz/wohnen-im-zentrum-von-linz-952675480/
"Ruhige 2-Zimmer Wohnung sehr zentral, ab dem 01.02.2026 zu mieten",83166,60,2.0,2026,https://www.willhaben.at/iad/immobilien/d/mietwohnungen/oberoesterreich/linz/ruhige-2-zimmer-wohnung-sehr-zentral-ab-dem-01-02-2026-zu-mieten-1951951214/
Gut aufgeteilte 2-Zimmer-Wohnung inkl. Loggia am Pöstlingberg/Linz zu vermieten!,798,53,2.0,4040,https://www.willhaben.at/iad/immobilien/d/mietwohnungen/oberoesterreich/urfahr-umgebung/gut-aufgeteilte-2-zimmer-wohnung-inkl-loggia-am-poestlingberg-linz-zu-vermieten-1127994437/
"Ökologisches Wohnen im Baumhaus JKU Nähe, inkl 2 Parkplätze E-Ladestation möglich",1690,112,4.0,4040,https://www.willhaben.at/iad/immobilien/d/mietwohnungen/oberoesterreich/linz/oekologisches-wohnen-im-baumhaus-jku-naehe-inkl-2-parkplaetze-e-ladestation-moeglich-1017669070/
"Panoramaausblick auf Linz! Exklusive, 3-Raumwohnung mit Loggia im Zentrum von Linz! Erstbezug!",149817,68,3.0,4020,https://www.willhaben.at/iad/immobilien/d/mietwohnungen/oberoesterreich/linz/panoramaausblick-auf-linz-exklusive-3-raumwohnung-mit-loggia-im-zentrum-von-linz-erstbezug-884453305/
Sonnige 2-Zimmer-Wohnung mit großzügiger Terrasse in Linz nähe Hummelhofwald zu vermieten!,99325,55,2.0,4020,https://www.willhaben.at/iad/immobilien/d/mietwohnungen/oberoesterreich/linz/sonnige-2-zimmer-wohnung-mit-grosszuegiger-terrasse-in-linz-naehe-hummelhofwald-zu-vermieten-851754351/
LENAUTERRASSEN - Moderne 2-Zimmer-Wohnung mit riesigem Balkon in der Lenauterrassen zu vermieten! PROVISIONSFREI für den Mieter!,975,57,2.0,4020,https://www.willhaben.at/iad/immobilien/d/mietwohnungen/oberoesterreich/linz/lenauterrassen-moderne-2-zimmer-wohnung-mit-riesigem-balkon-in-der-lenauterrassen-zu-vermieten-provisionsfrei-fuer-den-mieter-1857209160/
Geförderte 2-Raum-Wohnung in Linz/Neue Welt mit Aufzug zu vermieten!,43032,42,2.0,4030,https://www.willhaben.at/iad/immobilien/d/mietwohnungen/oberoesterreich/linz/gefoerderte-2-raum-wohnung-in-linz-neue-welt-mit-aufzug-zu-vermieten-1120716887/
Französischer Flair: 57m² Single-/ Pärchenwohnung - in Linz!,88650,57,2.0,4020,https://www.willhaben.at/iad/immobilien/d/mietwohnungen/oberoesterreich/linz/franzoesischer-flair-57m-single-paerchenwohnung-in-linz-1161149763/
Altbauwohnung in Donaunähe zu vermieten,129008,100,5.0,4020,https://www.willhaben.at/iad/immobilien/d/mietwohnungen/oberoesterreich/linz/altbauwohnung-in-donaunaehe-zu-vermieten-858282263/
Geräumige 4-Zimmer Wohnung mit Wohlfühlfaktor - Wohnung mit großem Balkon & Kachelofen in Pichling,1295,113,4.0,4030,https://www.willhaben.at/iad/immobilien/d/mietwohnungen/oberoesterreich/linz/geraeumige-4-zimmer-wohnung-mit-wohlfuehlfaktor-wohnung-mit-grossem-balkon-kachelofen-in-pichling-1728881030/
Terrassenwohnung im Herzen von Linz,1050,60,2.0,4020,https://www.willhaben.at/iad/immobilien/d/mietwohnungen/oberoesterreich/linz/terrassenwohnung-im-herzen-von-linz-1419034878/
Freundliche und helle GWG-Wohnung im Poschacherpark,926,72,3.0,4020,https://www.willhaben.at/iad/immobilien/d/mietwohnungen/oberoesterreich/linz/freundliche-und-helle-gwg-wohnung-im-poschacherpark-2145813531/
HELLE 2-ZIMMERWOHNUNG NÄHE HAUPTBAHNHOF,66084,62,2.0,4020,https://www.willhaben.at/iad/immobilien/d/mietwohnungen/oberoesterreich/linz/helle-2-zimmerwohnung-naehe-hauptbahnhof-1604406454/
"Wunderschöne Wohnung mit toller Terrasse Eibenweg, Linz/ Urfahr",139893,90,3.0,4040,https://www.willhaben.at/iad/immobilien/d/mietwohnungen/oberoesterreich/linz/wunderschoene-wohnung-mit-toller-terrasse-eibenweg-linz-urfahr-1200469650/
Schöne 2 Zimmerwohnung nähe Schillerpark,690,45,2.0,4020,https://www.willhaben.at/iad/immobilien/d/mietwohnungen/oberoesterreich/linz/schoene-2-zimmerwohnung-naehe-schillerpark-1209097976/
"Modernes, zentrales Wohnen mit Balkon - 2-Zimmer-Wohnung",799,48,2.0,4020,https://www.willhaben.at/iad/immobilien/d/mietwohnungen/oberoesterreich/linz/modernes-zentrales-wohnen-mit-balkon-2-zimmer-wohnung-1025057223/
vollmöblierte Wohnung mit Balkon,590,25,1.0,4020,https://www.willhaben.at/iad/immobilien/d/mietwohnungen/oberoesterreich/linz/vollmoeblierte-wohnung-mit-balkon-2004286914/
Exklusive Wohnung mit Charme in ruhiger Lage am Bindermichl,139992,123,4.0,4020,https://www.willhaben.at/iad/immobilien/d/mietwohnungen/oberoesterreich/linz/exklusive-wohnung-mit-charme-in-ruhiger-lage-am-bindermichl-938488838/
WOHNEN UND ARBEITEN IN ZENTRUMSLAGE,1810,118,4.0,4020,https://www.willhaben.at/iad/immobilien/d/mietwohnungen/oberoesterreich/linz/wohnen-und-arbeiten-in-zentrumslage-1197064516/
1-Zimmer Wohnung in perfekter Lage und mit Loggia,580,30,1.0,4020,https://www.willhaben.at/iad/immobilien/d/mietwohnungen/oberoesterreich/linz/1-zimmer-wohnung-in-perfekter-lage-und-mit-loggia-777890709/
ca. 85 m² Maisonnette 2-Zi. WOHNUNG - Wohnstudio - mit 15 m2 Terrasse,945,85,3.0,4020,https://www.willhaben.at/iad/immobilien/d/mietwohnungen/oberoesterreich/linz/ca-85-m-maisonnette-2-zi-wohnung-wohnstudio-mit-15-m2-terrasse-986369222/
Charmante Innenstadtwohnung mit großem Balkon,73830,40,2.0,4020,https://www.willhaben.at/iad/immobilien/d/mietwohnungen/oberoesterreich/linz/charmante-innenstadtwohnung-mit-grossem-balkon-1069821486/
Singlewohnung modern voll möbliert,770,54,2.0,4020,https://www.willhaben.at/iad/immobilien/d/mietwohnungen/oberoesterreich/linz/singlewohnung-modern-voll-moebliert-815136328/
"Perfectly connected 2-room-flat, close to University - Schöne 2-Zimmer-Wohnung mit Einbauküche in Linz",720,33,2.0,4040,https://www.willhaben.at/iad/immobilien/d/mietwohnungen/oberoesterreich/linz/perfectly-connected-2-room-flat-close-to-university-schoene-2-zimmer-wohnung-mit-einbaukueche-in-linz-838793536/
Familientraum Muldenstr. möblierte 2-Zi-Wohnung,84862,70,2.0,4020,https://www.willhaben.at/iad/immobilien/d/mietwohnungen/oberoesterreich/linz/familientraum-muldenstr-moeblierte-2-zi-wohnung-1903185642/
Exklusive 2-Zimmer-Stilaltbauwohnung in bester Lage,890,78,2.0,4020,https://www.willhaben.at/iad/immobilien/d/mietwohnungen/oberoesterreich/linz/exklusive-2-zimmer-stilaltbauwohnung-in-bester-lage-1593886741/
Helle | Großzügige 2 Zimmerwohnung mit Wintergarten + Loggia! Inkl. TG & neuer Küche!,97950,76,2.0,4020,https://www.willhaben.at/iad/immobilien/d/mietwohnungen/oberoesterreich/linz/helle-grosszuegige-2-zimmerwohnung-mit-wintergarten-loggia-inkl-tg-neuer-kueche-1368576235/
Ruhiges Wohnen im Zentrum von Urfahr mit Eigengarten,1100,59,3.0,4040,https://www.willhaben.at/iad/immobilien/d/mietwohnungen/oberoesterreich/linz/ruhiges-wohnen-im-zentrum-von-urfahr-mit-eigengarten-1800321949/
"Zum verlieben! Altbauwohnung Klassiker! Sehr großzügig, 3,5 Zimmer.",154344,117,3.5,4020,https://www.willhaben.at/iad/immobilien/d/mietwohnungen/oberoesterreich/linz/zum-verlieben-altbauwohnung-klassiker-sehr-grosszuegig-3-5-zimmer-1904872152/
Kurzzeitmiete Top City Lage mit Traumbalkon,1790,50,2.0,4040,https://www.willhaben.at/iad/immobilien/d/mietwohnungen/oberoesterreich/linz/kurzzeitmiete-top-city-lage-mit-traumbalkon-1912501096/
Penthouse in Urfahr mit großer Dachterrasse und Blick auf den Pöstlingberg,183128,104,3.0,4040,https://www.willhaben.at/iad/immobilien/d/mietwohnungen/oberoesterreich/linz/penthouse-in-urfahr-mit-grosser-dachterrasse-und-blick-auf-den-poestlingberg-1037811626/
"Erstbezug! Toplage! Traumausblick! Sehr großzügige 2,5 Zimmer Wohnung mit Loggia und Einbauküche!",139755,68,2.5,4020,https://www.willhaben.at/iad/immobilien/d/mietwohnungen/oberoesterreich/linz/erstbezug-toplage-traumausblick-sehr-grosszuegige-2-5-zimmer-wohnung-mit-loggia-und-einbaukueche-1504512619/
Stilvolle Maisonette-Mietwohnung mit Balkon im Herzen von Linz/Ebelsberg,1290,130,4.0,4030,https://www.willhaben.at/iad/immobilien/d/mietwohnungen/oberoesterreich/linz/stilvolle-maisonette-mietwohnung-mit-balkon-im-herzen-von-linz-ebelsberg-1034771954/
charmante 86m2 Stadtwohnung in Linz,1299,86,3.0,4020,https://www.willhaben.at/iad/immobilien/d/mietwohnungen/oberoesterreich/linz/charmante-86m2-stadtwohnung-in-linz-1020704317/
"Mind. 30 Tage Kurzzeit Miete, Möblierte Wohnung inkl. Internet, Strom",1490,61,2.0,4020,https://www.willhaben.at/iad/immobilien/d/mietwohnungen/oberoesterreich/linz/mind-30-tage-kurzzeit-miete-moeblierte-wohnung-inkl-internet-strom-872137185/
